id,domain,status,purchase_price,renewal_price,attractiveness,demand,length,registrar,created_at,expires_at
cd1c34bb-f4a7-4c30-9211-fd770330cf85,remove.nl,premium,4093.63,,82,15,6,SmartLogic,17/01/2007 14:44,
0c857ef7-548b-46cf-9eef-1651284b9afc,resounding.nl,available,11.99,,78,5,10,name.com,,
5ac03c9e-abae-4c11-a834-393d87cd3a0e,reasonably.nl,available,11.99,,62,3,10,name.com,,
6aa0ce3a-06ce-4444-b41a-1cd899e99499,unassuming.nl,available,11.99,,74,3,10,name.com,,
5c9eef34-d2d0-49fc-8dbe-e8db92394563,thoughtless.nl,available,11.99,,60,5,11,name.com,,
c2e0db5d-79e7-4332-9f7f-9e1b22935e5e,generically.nl,available,11.99,,56,1,11,name.com,,
95530b4d-a727-4d50-b435-8f82cbce7228,furthest.nl,available,11.99,,62,2,8,name.com,,
05c71c85-3a7f-4171-aa62-1c33b136dcac,ifnot.nl,available,11.99,,62,5,6,name.com,,
916ee24a-2989-4f1c-b6b8-370a47db11f2,procedure.nl,resell,,,72,8,9,team.blue nl B.V.,24/01/2000 02:13,
658a9432-f9d0-4264-aa97-15816b3718e5,abhorrent.nl,available,11.99,11.99,54,2,9,name.com,,
097b30f0-bfe4-4050-bb5a-90885a8352d9,antenatal.nl,available,11.99,,74,3,9,name.com,,
a562bd92-338d-40e9-8b3d-1ddcb98c195a,taxassessment.nl,available,11.99,,58,2,14,name.com,,
6b4007ab-5403-43a0-ae81-2d73637b1816,thinkof.nl,available,11.99,,72,7,8,name.com,,
cda5af06-d391-4f09-b59d-00082a84c14c,astound.nl,available,11.99,,82,8,7,name.com,,
648b6839-4d7e-414e-99ed-9f501effb1bd,vomiting.nl,available,11.99,,64,4,8,name.com,,
e9e7743e-0866-4fab-b088-e124c11f5fd0,AmericanEnglish.nl,premium,,,62,5,16,,,
b1b8f288-8ea8-4e92-88b4-e25957b3cf73,experimentally.nl,available,11.99,,52,2,14,name.com,,
acc2d4e2-04e0-4faf-bb27-3c3a6e669bb8,serveup.nl,available,11.99,,78,5,8,name.com,,
23ee350c-4b07-4b06-9f80-c8d387cf5865,onthebrinkof.nl,available,11.99,,40,1,15,name.com,,
951afa84-c35f-4af0-b65b-3bf8c5da3589,austere.nl,available,11.99,,60,6,7,name.com,,
364a8dd4-5a69-4dc3-bff7-2131b1ea6d05,airline.nl,resell,,,76,16,7,Realtime Register,08/06/1999 21:33,
3c383840-c723-4969-af29-326faa8af6cd,ought.nl,available,11.99,,68,6,5,name.com,,
7efed68a-a25c-494e-8747-1ecf1c45085d,exhaustion.nl,available,11.99,,61,3,10,name.com,,
6f8624ab-5bcc-48f7-bbc9-92d3b8183467,philanthropic.nl,available,11.99,,72,7,13,name.com,,
85c50954-5cf6-4234-9655-6b695c22c106,exaggerate.nl,available,11.99,,70,2,10,name.com,,
68c0a454-87fe-497f-aa7e-c12adc0965e1,heavyhanded.nl,available,11.99,,62,2,12,name.com,,
8bb12ebd-0b66-4d04-a972-63eb80440d6f,complicate.nl,available,11.99,,70,4,10,name.com,,
9387951e-0f6b-44fb-aeb8-ef4833e0d620,registeredtrademark.nl,available,11.99,,62,3,20,name.com,,
53539fc1-3c23-4310-82b7-f5b4fcd5ef38,comeover.nl,available,11.99,,77,2,9,name.com,,
68d0de76-91c2-4673-9919-ca6ac20a5328,test.nl,resell,,,72,89,4,Hostnet B.V.,20/09/1999 10:58,
43bee046-7344-40dd-bfe0-44bcc146368b,beatenup.nl,available,11.99,,48,1,9,name.com,,
2726cadc-31fa-47d5-8d68-b63a96cb9cbc,grandparent.nl,available,11.99,,88,6,11,name.com,,
511bb326-c729-44b9-826a-6dc1ff3a6ca4,bringto.nl,available,11.99,,74,3,8,name.com,,
51e95346-b91c-4dd3-8875-4348ee17fa9d,elvis.nl,resell,,,84,18,5,Hostnet B.V.,30/12/1998 14:18,
041ebca2-379f-4fba-a767-1c3a10da2756,trimback.nl,available,11.99,,71,1,9,name.com,,
cea04abd-b6de-4a3b-a84c-12c5d5cca032,sounding.nl,available,11.99,,68,5,8,name.com,,
0d2a483c-fa49-4f51-8f51-be45b9e8ac73,antique.nl,resell,,,72,18,7,Realtime Register,29/11/1999 10:19,
466d8805-ba13-433a-8dca-37bbc5d5e960,drseuss.nl,available,11.99,,78,4,9,name.com,,
8ff036c1-36bc-438c-bbd0-02819f482b83,earlier.nl,available,11.99,11.99,66,7,7,name.com,,
fc986262-103d-4d0a-862f-b94b4edd4b00,selfworth.nl,available,11.99,,82,3,10,name.com,,
5e32a301-e18b-48df-8494-8ae57dec045e,turmeric.nl,resell,,,76,9,8,team.blue nl B.V.,16/02/2021 14:31,
60a34278-2716-4524-a432-76003b72aad7,conflicted.nl,available,11.99,,62,3,10,name.com,,
40cbcece-f86a-4ff7-aeca-3b72db8c8820,portuguese.nl,available,11.99,,72,11,10,name.com,,
fad16b45-e6a2-475f-a70a-43845467eecf,nought.nl,available,11.99,11.99,92,5,6,name.com,,
b031877e-353a-404d-9f34-cda3a721bb64,annoy.nl,available,11.99,,64,5,5,name.com,,
33810492-6cc5-4ad7-80e8-5f0080c49011,smuggled.nl,available,11.99,,60,2,8,name.com,,
924134ad-ea44-4da1-8742-1ad2cbe48c90,coveted.nl,available,11.99,11.99,72,5,7,name.com,,
f4810c49-8d4f-46fd-babb-6c2e1c4d0a0b,amendable.nl,available,11.99,,72,2,9,name.com,,
b3593d59-58dc-4591-abea-cde3906a9313,snow.nl,resell,,,66,35,4,team.blue nl B.V.,03/10/1997 08:25,
f83b12e9-6c72-4919-878b-de53a44b5c09,intheflesh.nl,available,11.99,,74,3,12,name.com,,
cb3f5da2-5492-4f19-bf8a-2f8c4535cc2b,rushing.nl,available,11.99,,62,8,7,name.com,,
adc6476f-0fdb-46c0-8669-b36f544e7ef2,uncontrollable.nl,available,11.99,,52,3,14,name.com,,
8b304bd8-1007-4c6f-a1a8-f3afb1ff9b61,khakis.nl,available,11.99,,74,3,6,name.com,,
7e776e50-ef08-4829-bbad-4463fd473cde,tshirt.nl,resell,,,80,24,7,Shock Media B.V.,11/08/1999 15:11,
b9eb2f79-e538-4bf1-a7aa-9b4722045000,bullying.nl,available,11.99,,56,8,8,name.com,,
70bf9133-f147-4210-bfe0-886ddb95c53c,engrossed.nl,available,11.99,11.99,72,1,9,name.com,,
b6ecaad6-adae-46cb-9680-bdd8c4475ff4,bowout.nl,available,11.99,,72,0,7,name.com,,
eb050cd8-f83c-4fa5-bb29-ab27ad2ab793,antepartum.nl,available,11.99,,74,1,10,name.com,,
ad744f6a-d948-47a4-9adf-6da35eaf160d,initially.nl,available,11.99,,68,4,9,name.com,,
b4a8882c-7bc6-4896-86e5-b3c705982d17,awarding.nl,available,11.99,,82,5,8,name.com,,
9631fb3e-b4ae-4c11-b55e-b220e511897b,atbest.nl,available,11.99,,67,3,7,name.com,,
2e42413c-f7a9-412c-89df-a90a98d8a72e,destroyed.nl,premium,,,52,4,9,,,
1c9a6683-d11f-4938-9494-1c5cb250e63b,dragout.nl,available,11.99,,64,1,8,name.com,,
5d307dc8-0fd5-4999-b288-c0fd5797655b,sympathise.nl,available,11.99,,81,1,10,name.com,,
54b531ff-d9cf-494b-b75c-af4ecbbb72e6,onthebubble.nl,available,11.99,,60,2,13,name.com,,
79c9de92-d8dc-4a76-88b1-4d35d5fe33ed,allergist.nl,available,11.99,,68,5,9,name.com,,
1bba0e4a-a597-4ce8-938c-705de9074649,astounded.nl,available,11.99,,72,2,9,name.com,,
101a9117-0ff5-4b58-82ba-a5a4303a7447,unconvincing.nl,available,11.99,,56,2,12,name.com,,
89f05357-1b54-497f-ae8d-281ce343930f,booted.nl,available,11.99,,66,3,6,name.com,,
7b0144f2-34e1-499c-8af3-383e7dccca46,telephonecall.nl,available,11.99,,62,1,14,name.com,,
2faae645-6fb7-483d-b6f9-52bf0aa56997,artwork.nl,resell,,,82,20,7,AtWorX Media Group B.V.,15/10/2013 09:46,
72cd2e08-15e2-456b-b879-e00f632b7f24,maid.nl,resell,,,70,26,4,team.blue nl B.V.,08/11/2005 00:11,
e11eea59-d487-4a32-b3c8-9be1436f1228,tolerable.nl,available,11.99,,64,3,9,name.com,,
c83a9295-d890-4d2f-820c-7a8855fb30a8,gointo.nl,available,11.99,,78,4,7,name.com,,
2e087523-6345-4308-a642-884ba94f48b5,accustomed.nl,available,11.99,11.99,72,2,10,name.com,,
11718d51-ed5a-46b1-95d2-c9e39aa2e6c1,sympathize.nl,available,11.99,,83,2,10,name.com,,
4102499c-ee0f-4c0f-a905-7a9d6f559c1c,write.nl,resell,,,83,26,5,ZXCS,29/04/2003 22:38,
bb18e7e7-1deb-465f-ab35-7e55990b7995,bothered.nl,available,11.99,,68,3,8,name.com,,
5b83f20d-c4e0-4e33-a7d3-dbab4efbd282,wondrous.nl,resell,,,74,10,8,Registrar.eu,03/01/2026 12:03,
87860af7-b147-4130-abf1-f1c59eb1456d,borderon.nl,available,11.99,,70,1,9,name.com,,
2eb03e86-46fc-4d62-94da-3366d3ebb3e7,auriferous.nl,available,11.99,,70,2,10,name.com,,
10b67d10-5692-4c32-be01-3109c201627e,roughly.nl,premium,,,62,5,7,,,
82b7db77-7c86-44ce-9905-2b55f4bce152,affectionate.nl,available,11.99,,88,3,12,name.com,,
06ed0d62-2855-4a39-8f42-e7f86f696f43,masterful.nl,available,11.99,11.99,74,9,9,name.com,,
5dd9499c-b1ec-4861-b3b8-840334cbeaad,however.nl,available,11.99,,70,6,7,name.com,,
3b8656b6-d7e6-4b63-895a-57a8a30b6810,fallinto.nl,available,11.99,,72,2,9,name.com,,
3b4500a9-bf1c-44d7-adc6-c457dd783296,aureate.nl,available,11.99,,70,7,7,name.com,,
b6ed203c-d8cf-46e4-b701-e469ea57c0ba,befull.nl,available,11.99,,75,2,7,name.com,,
52e2d96a-fb15-4f98-a222-771636dda6d3,dreadful.nl,available,11.99,,64,5,8,name.com,,
f6751b84-a013-44fb-bc82-0bda31228987,accurately.nl,available,11.99,,76,3,10,name.com,,
35de8ff8-7e14-4623-aa10-c620dc3bef48,owned.nl,resell,,,72,16,5,Internationale Domeinregistratie Nederland,31/08/2022 13:50,
1864626c-9e2a-487b-be01-30e1b28fe3ba,getinto.nl,available,11.99,,76,10,8,name.com,,
34c1c9b0-f0f3-401a-9274-73506e080c7e,alterable.nl,available,11.99,11.99,80,2,9,name.com,,
efe306de-b2bf-4656-ae56-50473e6a8572,dollarsign.nl,available,11.99,,72,5,11,name.com,,
fd359620-cd64-44e8-8e4d-4a055ed96ba2,unhappy.nl,available,11.99,11.99,100,7,7,name.com,,
d6d10b58-f284-4410-a6af-dd4497ea2a7c,allowfor.nl,available,11.99,,74,0,9,name.com,,
319c2b7b-2aae-4238-a4bd-37798a285fa9,unfortunately.nl,available,11.99,,48,3,13,name.com,,
a341666e-1140-4516-83dc-ea51cea5f823,attorney.nl,resell,,,74,25,8,AtWorX Media Group B.V.,13/05/2015 10:48,
c0a6accc-3497-4c1a-ac19-52271ec30d35,prodigy.nl,resell,,,79,29,7,Internet Service Europe B.V.,22/03/2002 00:31,
90e4b3db-fd9b-45ca-a984-f21b05dd7f6e,conformto.nl,available,11.99,,76,1,10,name.com,,
12f23352-e91d-49aa-a561-cb674a6c90fa,atwill.nl,available,11.99,,65,5,7,name.com,,
41bb468c-8797-4ffa-82ff-7e0aec8d8751,answerable.nl,available,11.99,,74,3,10,name.com,,
5a482bc3-ed1d-4c54-bb32-cd09a9de8a79,enginedriver.nl,available,11.99,,64,1,13,name.com,,
a32c21a8-54ac-468f-8246-b345b40f228a,recoveredmemory.nl,available,11.99,,66,1,16,name.com,,
a7ef8aba-a395-4312-8b5b-4fd9614e1fbb,crosswordpuzzle.nl,available,11.99,,68,2,16,name.com,,
9abf86f7-005f-4570-96c5-2a9b23b3176d,enlarged.nl,available,11.99,,70,2,8,name.com,,
93bdef0b-9156-4a69-abf4-ce9346c45b9d,calloff.nl,available,11.99,,71,2,8,name.com,,
4ac4c879-8e5e-4654-aea8-d66f53c399fd,whitened.nl,available,11.99,,70,2,8,name.com,,
0db10bfa-0bc1-49c2-8a9b-420c550dfb0f,occur.nl,available,11.99,,70,9,5,name.com,,
bd0c3af9-71f1-44f1-9fa6-66b9dcfc71cb,riveravon.nl,available,11.99,,74,1,10,name.com,,
33aea676-5342-423b-8334-d927a1ed3bdf,inspiteof.nl,available,11.99,,52,2,11,name.com,,
5cf112a3-779f-4059-83db-25944e983a65,breakinto.nl,available,11.99,,72,3,10,name.com,,
f05cfb13-d384-4042-aa11-eebbeccc4a09,holdoff.nl,available,11.99,,71,1,8,name.com,,
f041e41b-6007-4fd4-86a0-3ef686f781b7,sneezing.nl,available,11.99,,64,4,8,name.com,,
1b4135b3-5d71-4604-a316-f79f8bbe7896,hot.nl,resell,,,84,41,3,Funbit B.V.,06/09/1999 13:34,
8c050529-836b-4765-8187-c689697a012e,able.nl,resell,,,80,32,4,Previder B.V.,27/04/1999 12:34,
e6e8b1fb-b6ee-4067-90dc-ce6281cc5b11,endall.nl,available,11.99,,74,2,7,name.com,,
4296f0f0-d20f-4985-9681-3088c5182664,wrongly.nl,available,11.99,,56,2,7,name.com,,
344bc848-f36f-492a-b99e-060dbc69b1d1,lol.nl,resell,,,76,36,3,EuroDNS S.A.,05/02/1998 13:45,
5e167485-bc9d-4282-911f-bdcd7a83153f,clergy.nl,available,11.99,,66,6,6,name.com,,
5ab74e0e-1171-400b-aaec-e25fd6b6d950,bringin.nl,available,11.99,,78,4,8,name.com,,
53e7650e-8669-464e-8235-9101c6d494c9,clumsy.nl,available,11.99,,60,10,6,name.com,,
742ff56a-cd46-4166-b580-58529a5e2f07,disgust.nl,available,11.99,,68,4,7,name.com,,
9385ccd5-07b0-411a-b9b5-06200168c814,savings.nl,resell,,,74,20,7,Internet Service Europe B.V.,10/06/2002 14:31,
c7821dfe-06c0-4cb9-a4a9-1399875e3db7,inthewakeof.nl,available,11.99,,46,2,14,name.com,,
d87075ea-f2fc-4db1-b673-6b9d411ca66d,grinning.nl,available,11.99,,80,4,8,name.com,,
1cb2617a-ef2d-4292-8855-6a5f79e1073a,farthest.nl,available,11.99,,60,2,8,name.com,,
d95be340-85ee-4e9c-9564-6b439c46b171,pretending.nl,available,11.99,,72,2,10,name.com,,
372039bd-6dce-4dde-a0f6-537193833839,garden.nl,resell,,,72,32,6,Combell,10/03/1999 10:13,
29d63165-c6ac-47bc-920b-c3c4140c18b4,strongly.nl,available,11.99,,68,4,8,name.com,,
74334c61-23b5-49f0-b2c8-9e1fdbbef612,steamengine.nl,available,11.99,,78,5,12,name.com,,
06ce966e-9dd0-47b0-950c-a7f9ee925c44,bacterial.nl,available,11.99,,70,3,9,name.com,,
b2d9021e-0e69-47e0-99f4-4c614ebd1717,stop.nl,resell,,,76,28,4,team.blue nl B.V.,26/06/2002 15:09,
c70d054a-edab-4799-b02e-d8d6c9b95aa9,derelict.nl,available,11.99,11.99,92,6,8,name.com,,
600b5182-e599-4c94-a94b-b60e1458fe2d,battered.nl,available,11.99,,50,3,8,name.com,,
e1142794-c75b-41c3-8b32-cfe8f93752fb,evaporate.nl,available,11.99,,72,5,9,name.com,,
6d8e7dbe-2c37-4c4b-9873-f1cb93c26514,putup.nl,available,11.99,,78,3,6,name.com,,
e0040ebf-ace7-4dff-ba00-fee18e2cd300,extendto.nl,available,11.99,,78,1,9,name.com,,
c279d4df-07e8-42f6-8c58-04917632ab7f,terrified.nl,available,11.99,,54,3,9,name.com,,
c256b60d-f890-4e24-a93c-3dd869ee6794,hardly.nl,available,11.99,,84,6,6,name.com,,
6b14cc50-8e6b-4a37-a8a7-482af50f5366,comparatively.nl,available,11.99,,54,2,13,name.com,,
7072603d-dd1f-43a2-afcc-3d3f1bfccf46,quitea.nl,available,11.99,,68,1,7,name.com,,
4214af95-7b0c-4788-a873-e5ec9a76c7d3,Germanshepherd.nl,premium,,,66,16,15,,,
09e53439-3e43-400a-99f7-db336184387f,esthetical.nl,available,11.99,11.99,70,2,10,name.com,,
ad06246e-66f2-48b2-a70e-a55f25134e6c,primary.nl,resell,,,76,26,7,ZXCS,03/01/2001 22:35,
1f2cda45-c852-4808-95b6-57974171eeff,reticent.nl,available,11.99,,65,4,8,name.com,,
62282252-d9f5-4418-99be-573cb81acc63,sixteen.nl,resell,,,88,12,7,Funbit B.V.,22/10/1999 14:25,
f769fe7c-1d52-4848-980d-15c9e3904626,fallfor.nl,available,11.99,,72,2,8,name.com,,
0aef1f34-1397-45fe-bc04-8e33ee657976,spermcell.nl,available,11.99,,66,2,10,name.com,,
db42ff5d-847e-4fcf-a094-3b0633f25a39,awfulness.nl,available,11.99,,64,1,9,name.com,,
ac5d6ff5-d5fd-49d7-8765-47fe76a381dc,grandniece.nl,available,11.99,,84,1,10,name.com,,
3e118eda-6e8e-419e-9ac6-4500c5429b09,contested.nl,available,11.99,11.99,60,6,9,name.com,,
083989b4-8aef-449c-ac58-bf7d9a90a44c,ordinarily.nl,available,11.99,,66,2,10,name.com,,
d6e76069-10a0-4678-9009-3c47f3c58df7,twentieth.nl,available,11.99,11.99,92,2,9,name.com,,
ad140e9b-c63c-45e2-8178-dd921bd4d1de,atleast.nl,premium,,,69,3,8,,,
c1d17bdf-0529-4175-aaa1-1a5b60af385c,warranty.nl,resell,,,76,15,8,WebsiteBeheer.net,17/11/2005 22:22,
762c9f95-3461-4076-8f41-60844306e880,buttin.nl,available,11.99,,70,3,7,name.com,,
d2e279e1-d852-491c-ba91-30aa3058c09c,atworst.nl,available,11.99,,59,1,8,name.com,,
66514d30-b735-4bc4-8eb2-76a3438aa5a8,corrective.nl,available,11.99,11.99,86,3,10,name.com,,
72abea59-d55f-45b4-9517-e4d5ae851b38,satisfied.nl,resell,,,80,6,9,Metaregistrar B.V.,02/11/2006 17:52,
d21dddd6-7f3b-4e96-8ee1-fa50aa234b7f,retardant.nl,available,11.99,,66,2,9,name.com,,
4ae01381-5f09-4f0b-8705-325e117de71a,respectively.nl,available,11.99,,60,2,12,name.com,,
d4a6587b-58c0-4a9c-a2d9-1a309b5ade53,aboard.nl,resell,,,66,10,6,Tucows.com Co.,02/07/2003 15:08,
04f879c7-5256-44a2-88c3-9a303a2ae859,getat.nl,available,11.99,,76,4,6,name.com,,
5239dc92-3bbc-4cc2-bee1-e8874446b5f7,entrepreneur.nl,resell,,,82,80,12,Realtime Register,14/07/2019 08:14,
9aabdd94-d536-4c9a-8998-dbd084f76655,scrubbed.nl,available,11.99,,64,6,8,name.com,,
759ec414-46a5-45df-b75c-7eb53a9d0bfb,quitean.nl,available,11.99,,68,1,8,name.com,,
5648cc20-1294-4585-93bb-2ccca9b704d1,abiding.nl,available,11.99,11.99,106,7,7,name.com,,
fcfac1c1-f2e2-41c7-b99c-e080c73e089e,shoulderblade.nl,available,11.99,,62,1,14,name.com,,
ef192934-2aab-4de3-95c4-24bea432f3e1,bordered.nl,available,11.99,,66,2,8,name.com,,
20d0eac1-28fc-4c22-b878-88681e1d3c1a,reversible.nl,available,11.99,,71,8,10,name.com,,
bbf552c2-871e-495d-91a7-02311d6ad09b,ill.nl,premium,3146.03,,68,14,3,Internet Domain Service BS Corp.,16/02/2000 14:01,
a5d309c5-0bef-4ae5-a28c-943ed9e396e6,holdopen.nl,available,11.99,,76,1,9,name.com,,
d75bbbc3-2fe0-4d4e-9ff2-368f85b99544,hitup.nl,available,11.99,,74,5,6,name.com,,
08c5ba08-11ce-4d48-84ca-248a34ea2214,comeby.nl,available,11.99,,82,3,7,name.com,,
b787cd9a-e2e3-4110-a9dc-f46bd1b95bd8,kilometre.nl,available,11.99,,74,3,9,name.com,,
7e113224-7583-4dc6-8de4-e21ac76aecdc,goodby.nl,available,11.99,,66,3,7,name.com,,
9b75c569-4466-414b-ba6f-ae3e29a86975,awhile.nl,available,11.99,,60,5,6,name.com,,
e906bf14-ea3d-4685-b9f8-4d90b604a90f,moviefilm.nl,available,11.99,,74,3,10,name.com,,
c7bfd9d7-59bf-4f13-8b12-ffcbeefc4c69,endearing.nl,available,11.99,11.99,90,2,9,name.com,,
6c47f48e-e11c-4718-b727-1f04aa8fbb01,times.nl,resell,,,74,24,5,The Registrar Company B.V.,15/07/2012 06:30,
6eb9bf06-76ec-4ccf-ae06-fec249dc9729,neglect.nl,available,11.99,,68,5,7,name.com,,
6a3f297c-168f-4da7-a874-036c955f1ffa,awful.nl,resell,,,68,15,5,team.blue nl B.V.,25/02/2019 14:58,
cdd858c8-9a57-4ed4-bb42-0a305ad28a9b,augratin.nl,available,11.99,,74,1,9,name.com,,
98c8909b-25f4-4520-8c8b-d72b8d20e449,wanting.nl,available,11.99,,68,7,7,name.com,,
b20fc638-830b-43ba-99e8-2bb57b332ea0,photographicmemory.nl,available,11.99,,66,4,19,name.com,,
1452d07e-a331-4d71-a79e-9f3fa60c2af7,boxcoat.nl,available,11.99,,68,1,8,name.com,,
e467cc0f-efbc-4f7a-82f4-3790d4b468bb,limiting.nl,available,11.99,11.99,65,4,8,name.com,,
22057ee4-23f0-439b-929f-f065319bf23f,alleged.nl,available,11.99,11.99,70,6,7,name.com,,
61ce0363-4238-420e-af9c-8783bf2e401e,opinion.nl,resell,,,85,22,7,team.blue nl B.V.,16/09/2013 07:59,
4b29ea4c-1c07-4ca1-9117-231db9d86bab,inturn.nl,available,11.99,,72,4,7,name.com,,
b5248414-9c07-478a-9d5f-a1220c3b00fe,altruistic.nl,available,11.99,11.99,74,7,10,name.com,,
b742c204-84e8-4979-b80d-73385c05ebda,pitfall.nl,available,11.99,,66,4,7,name.com,,
00338fd5-52fa-4892-bb04-949ef1155b43,thenagain.nl,available,11.99,,60,4,10,name.com,,
c4899e60-655d-4b81-8819-959c70199b4b,discbrake.nl,available,11.99,,70,2,10,name.com,,
af6a16f9-a532-4154-8b9a-28fd7ea0c5aa,plotted.nl,available,11.99,11.99,72,5,7,name.com,,
e8d2aee4-2378-4d17-a7f7-53c9aaba5551,quickness.nl,available,11.99,,76,3,9,name.com,,
83ca18e0-c628-42ff-bcff-8986432b47dd,parliamentary.nl,available,11.99,,58,4,13,name.com,,
709660c5-aab8-4a98-8044-7265643b291f,grandchild.nl,available,11.99,,86,3,10,name.com,,
44ec85ce-32fa-4efd-b1c0-c62a249bf8a3,rhythmic.nl,available,11.99,,74,8,8,name.com,,
cb10bcfb-cb4b-4b02-a9fe-0ba12c3a77ea,eaten.nl,available,11.99,,74,6,5,name.com,,
2a7e0ccc-3b2c-4af1-9e5b-8c68d9ef64e8,procrastinate.nl,available,11.99,,62,5,13,name.com,,
6b5d22d2-ab5a-4114-9c7c-95983b561f28,politely.nl,available,11.99,,68,3,8,name.com,,
9b2da159-b90c-4bdb-becc-f389aa9dd333,disparity.nl,available,11.99,,66,4,9,name.com,,
faab952b-d111-430a-a66f-b637873f07d0,regurgitate.nl,available,11.99,,64,2,11,name.com,,
4202f5af-f7c3-4993-9325-1f096abae8de,normally.nl,available,11.99,,70,5,8,name.com,,
c66d7c22-12c4-4bca-af83-481c5a0cf4f2,unfearing.nl,available,11.99,,70,1,9,name.com,,
f41c7848-ddd0-4dbf-aeca-f27810c39880,cheerfully.nl,available,11.99,,76,3,10,name.com,,
23df0ffb-feac-4718-8665-f868e5d77420,falldown.nl,available,11.99,,64,1,9,name.com,,
0384b3ae-406f-40b7-aa39-3828aa262101,damned.nl,resell,,,60,7,6,NameWeb,13/09/2011 23:00,
3926090d-ec5a-481d-ae9e-87c3043baa64,candidacy.nl,available,11.99,,77,3,9,name.com,,
0541a424-14c7-437a-b8da-e8e0fa7cc5d9,intriguing.nl,available,11.99,,80,5,10,name.com,,
0b20ec83-0206-4957-932a-aa081c1c2caf,medical.nl,resell,,,100,32,7,TXH Media,19/01/2006 01:57,
a8bfdd5b-d30f-4544-bfde-0c2c0ab90aec,clinically.nl,available,11.99,,60,9,10,name.com,,
bd339904-6638-4b0f-b435-3d8e77128ad2,inthis.nl,available,11.99,,60,4,7,name.com,,
84caf53d-cdf4-4cc0-888b-0031c1fb98c1,continually.nl,available,11.99,,64,2,11,name.com,,
dc05c0b1-6adf-4d16-b35a-b0afd8d52ed1,bychance.nl,available,11.99,,60,6,9,name.com,,
58d30ab0-f75a-4840-830d-e167d45b100b,holdfirm.nl,available,11.99,,79,1,9,name.com,,
fa045ea2-b71d-40e4-bc0d-02ca020645c9,flyingsaucer.nl,available,11.99,,68,5,13,name.com,,
79048c74-1f93-48cc-b3d2-d6057b2063c4,widowed.nl,available,11.99,,60,4,7,name.com,,
037c3892-0b41-4930-a26d-fce416568b78,whatsoever.nl,available,11.99,,58,4,10,name.com,,
2664fd73-5463-4597-92f9-bd4d52c2362e,ontheplusside.nl,available,11.99,,68,1,16,name.com,,
1c54654d-5e71-4212-9038-26e3c8a324da,discspace.nl,available,11.99,,74,2,10,name.com,,
321afcbd-2269-4afb-b0a9-85d81cd012bf,disgrace.nl,available,11.99,,68,4,8,name.com,,
f7f3b288-5506-4231-935b-c4fc3685ee46,spell.nl,resell,,,72,23,5,WebsiteBeheer.net,21/11/2005 19:41,
fb21f7a2-bece-4314-9e94-dea20a9bba46,limitation.nl,available,11.99,,60,3,10,name.com,,
bcf27e91-ba2c-4d37-9366-5242d4db3965,entirety.nl,available,11.99,,78,6,8,name.com,,
f9f2800e-c74f-425b-be24-ca9167fb6c19,civiltime.nl,available,11.99,,68,2,10,name.com,,
a6b4b691-e4d0-4e23-bcc4-d0bfea8c2f60,packedlunch.nl,available,11.99,,78,1,12,name.com,,
6e797c61-2787-498c-802f-ae4c79cdc861,wrongful.nl,available,11.99,,60,2,8,name.com,,
b6c9fa1d-0a09-440b-91fc-9547e385af89,knockover.nl,available,11.99,,70,1,10,name.com,,
674b5fd0-a990-4378-94ca-1b4094359980,deficit.nl,available,11.99,,70,8,7,name.com,,
b6a73b77-f005-497e-a03e-b3918073fc51,attimes.nl,available,11.99,,64,2,8,name.com,,
202cbef0-e5cb-434b-bb74-8b72cbb1ea54,dominated.nl,available,11.99,11.99,56,3,9,name.com,,
abc0b350-e441-4e42-b38d-271951f4774c,swollen.nl,available,11.99,11.99,65,4,7,name.com,,
52505bbd-b2e9-4092-b290-f5194010e7b9,dinosaur.nl,resell,,,79,23,8,ZXCS,11/04/2000 11:36,
deb73134-a4b3-4fb6-8266-fdae55ef5ee6,lowlying.nl,available,11.99,,60,1,9,name.com,,
1f31173c-75ab-4c25-9710-fd1badebefd8,antiacid.nl,available,11.99,,74,1,8,name.com,,
8d07df7e-a6d6-46aa-874a-2f79bbdc879f,awfully.nl,available,11.99,,62,3,7,name.com,,
05dd3d34-bb12-452d-a4eb-f2a8a6e9eedc,laughable.nl,available,11.99,,72,4,9,name.com,,
3d97ce04-a435-4f01-b84e-ba3ac4522ce8,antitumour.nl,available,11.99,,74,1,10,name.com,,
8b0c8a53-0ff9-416d-9dbc-875a9012a6d5,usa.nl,resell,,,78,44,3,EuroDNS S.A.,16/08/1999 09:10,
d9204295-0a66-4fa0-becd-4ac1bd5ccdc8,discredit.nl,available,11.99,,66,3,9,name.com,,
fe0f4acd-808d-4e2a-b243-061fda1bb533,otherthan.nl,available,11.99,,60,1,10,name.com,,
c93fe69e-e04e-4db3-913f-1bb6a5c9de34,jimthorpe.nl,available,11.99,,76,3,10,name.com,,
f6efd052-e7cc-4602-b199-056a132afb42,comeshort.nl,available,11.99,,68,1,10,name.com,,
39105734-c392-47d6-a2cf-f085206bb1e3,computerlanguage.nl,available,11.99,,74,1,17,name.com,,
0a62b74a-e665-4b16-b09b-cc530a64437a,widely.nl,available,11.99,,62,6,6,name.com,,
4e5f28db-79e6-4e4d-a5dd-9a0ca49f8cc0,fearful.nl,available,11.99,11.99,70,4,7,name.com,,
e88b45d5-3b3a-4522-af99-7afeb42c1e50,inbrief.nl,available,11.99,,66,7,8,name.com,,
9a17fc14-b0b1-4e01-91b9-7ffdc25b6ae5,announced.nl,available,11.99,,68,5,9,name.com,,
5cf653a4-2fc0-4b7d-a545-61ddc0548290,balmy.nl,available,11.99,,72,8,5,name.com,,
30019e1d-3141-4dbb-a1fa-181be446d90a,leaveout.nl,available,11.99,,70,1,9,name.com,,
9571f6d6-adfa-4f99-a861-7a1ca0f3336b,butthen.nl,available,11.99,,60,3,8,name.com,,
05a32446-dc75-438e-ad88-356a4f55c846,amongst.nl,available,11.99,,54,4,7,name.com,,
a21a087b-8245-41c4-9b98-b13e0c922428,launch.nl,resell,,,91,39,6,Internet Service Europe B.V.,04/06/2004 06:41,
4056e04c-f4b2-4726-894d-d7b44fee87c8,bestloved.nl,available,11.99,,74,1,10,name.com,,
e97ce61d-5f2a-408b-94ba-636f435ede97,alphameric.nl,available,11.99,11.99,62,1,10,name.com,,
52b3602e-c89c-4597-8c0c-4d17c00bcc26,antiseptic.nl,available,11.99,,78,4,10,name.com,,
d3282675-0707-4805-a4bb-787ab88877a9,actionadventure.nl,available,11.99,,68,1,16,name.com,,
34823c63-674d-4148-b721-90a0d2755730,polythene.nl,available,11.99,,70,3,9,name.com,,
ebc3e2f2-b493-4928-90bf-c52ce05e127e,undoubtedly.nl,available,11.99,,66,3,11,name.com,,
70d284d1-52f4-4250-ae88-8cee049a8b9e,throwoff.nl,available,11.99,,68,1,9,name.com,,
834c382e-51e2-46bb-83b3-68d218944578,relevance.nl,resell,,,76,13,9,ZXCS,09/02/2020 23:39,
e587265b-c037-4c42-ac9b-5fd4f30d91f8,cowboy.nl,resell,,,80,24,6,team.blue nl B.V.,23/11/1999 23:17,
64f16bc6-0ef3-4ac8-8b53-3c0925bae265,lowrise.nl,available,11.99,,74,2,8,name.com,,
0497baea-ef7e-4725-9e06-1520a658c2a5,rejection.nl,available,11.99,,62,3,9,name.com,,
9e8a50a9-652e-4b56-800f-1d3da21dd451,hopefully.nl,available,11.99,,74,6,9,name.com,,
8c42de36-46f8-46d0-8bb8-6c36f0767dc5,comforted.nl,available,11.99,,76,3,9,name.com,,
ffac975f-f0e5-4d17-818f-815de32455db,criticise.nl,available,11.99,,70,2,9,name.com,,
df6616f5-f1fb-42bd-aaf0-149f10cd3992,mobiletelephone.nl,available,11.99,,70,1,16,name.com,,
90d02b80-8f53-4a2c-9a97-97f7df7a0a4f,legislative.nl,resell,,,70,6,11,1API Gmbh,11/07/2021 13:03,
40aa6a1a-8862-429a-b334-7d0c83a5041a,gstring.nl,resell,,,70,5,8,Funbit B.V.,02/05/2001 08:35,
97365f3c-d532-4527-9807-3d7be71c702b,bad.nl,resell,,,82,45,3,team.blue nl B.V.,14/07/2020 17:12,
83fd7b18-5f5b-4592-bac6-5c8f521d3295,whether.nl,available,11.99,,74,7,7,name.com,,
861e0503-0746-40ff-ad40-0cc3e836f2e0,unconvinced.nl,available,11.99,,58,1,11,name.com,,
13fbbeaa-4144-40e6-a90b-cd92de754eb3,unimportant.nl,available,11.99,,58,4,11,name.com,,
54c870e2-7eb5-4691-a2c2-3cf9c5966386,vandalism.nl,available,11.99,,58,4,9,name.com,,
fcb6630c-7a3b-406f-b7fe-f024ecd9a329,greatuncle.nl,available,11.99,,75,1,11,name.com,,
7411a782-df5c-44f5-b1e2-35dcc95d4d73,hesitation.nl,available,11.99,,66,2,10,name.com,,
8caa46e3-eddb-4ece-a358-0ccc5254760c,forgetting.nl,available,11.99,,78,4,10,name.com,,
e9650e16-37c8-4d9b-a0bb-82ff1d941b98,dying.nl,available,11.99,11.99,82,8,5,name.com,,
6187431c-43e6-4785-a1fe-39630bdd52ae,criticize.nl,available,11.99,,70,3,9,name.com,,
8432fc6c-d9ed-4ad6-9299-b5b5acefc2cc,concoct.nl,available,11.99,,77,5,7,name.com,,
8a4b6a1f-00f0-4464-b071-b41e94febdb3,laziness.nl,available,11.99,,62,3,8,name.com,,
cf16446b-1981-4094-850b-22108a195951,fallover.nl,available,11.99,,66,1,9,name.com,,
69be4862-5e0f-4130-95a0-84ec7299fad6,disadvantage.nl,available,11.99,,66,4,12,name.com,,
c43d90e8-8192-4a1f-b875-d7557b3112d2,frustrated.nl,available,11.99,11.99,54,6,10,name.com,,
da5e48e0-2e69-40e8-97b4-bfa8ec558a5d,chairwoman.nl,available,11.99,,70,3,10,name.com,,
0990479e-ad1f-4d9f-bc54-fdd0d712a828,antacid.nl,available,11.99,,74,3,7,name.com,,
f2812e1a-91da-433c-b81a-d7d4049dcd27,rotated.nl,available,11.99,,65,2,7,name.com,,
9e7b6bde-744e-408e-a040-68465392033c,thelike.nl,available,11.99,,68,3,8,name.com,,
e6e770a7-ba0b-47a7-8a9b-e7f0161f91b4,boxer.nl,resell,,,76,12,5,team.blue nl B.V.,23/10/2001 14:07,
722b87be-50ef-413b-b686-0f61f6fcd142,deflation.nl,available,11.99,,64,5,9,name.com,,
4d00d2a6-ce21-4ea4-bc1e-0084d72899bf,asthmatic.nl,available,11.99,,54,3,9,name.com,,
a32cb504-0871-46e1-9dfb-abd3e6a02ecf,uncommitted.nl,available,11.99,,60,3,11,name.com,,
d7f7bc07-87e5-4026-aff9-529d991f72ae,datefrom.nl,available,11.99,,72,1,9,name.com,,
5df44c9c-92dd-4b49-8b22-97a083710b6f,oxygen.nl,resell,,,89,28,6,Registrar.eu,13/01/2000 13:14,
167ca4af-8a4a-4e07-9b09-078a56d159ac,oflate.nl,available,11.99,,62,1,7,name.com,,
14189890-79f1-4bc1-ac3a-b628cdbf84d9,humorous.nl,available,11.99,,76,6,8,name.com,,
880446a8-78ac-4372-bb5a-d73ec542f2b9,practiced.nl,available,11.99,11.99,70,3,9,name.com,,
cbef22bf-5e2b-48a2-8f79-1a660bbdf2fb,relatively.nl,available,11.99,,66,3,10,name.com,,
f7428952-3a45-4ec8-9065-aaa9861e0c08,dishonor.nl,available,11.99,,68,2,8,name.com,,
bd63a14c-1178-4862-bda4-9d2672e4696a,strained.nl,available,11.99,11.99,61,3,8,name.com,,
026d38aa-ea4c-42f7-9dd1-e3e672f48062,classroom.nl,resell,,,74,20,9,ZXCS,03/06/2015 12:52,
d0cb2375-0c24-44d7-8054-05ecb08d9cb5,consistently.nl,available,11.99,,64,6,12,name.com,,
9ee12b9f-6e60-49e3-9882-2c94cadc9c6a,untrue.nl,available,11.99,,60,2,6,name.com,,
6bdcf39e-6255-40ff-9d9f-72aa5fed4d27,contingent.nl,available,11.99,11.99,80,9,10,name.com,,
c990f605-5600-4618-804d-1e582e7209d1,stepparent.nl,available,11.99,,68,2,10,name.com,,
481f9405-a407-493d-9c6e-02117fcc959a,agreeable.nl,available,11.99,11.99,92,6,9,name.com,,
a665b16a-95a2-45d4-8f29-ce172d250e2a,perfected.nl,available,11.99,,74,5,9,name.com,,
ef0e1b77-43e7-4e52-a685-af448ce84735,comeinto.nl,available,11.99,,79,1,9,name.com,,
439d514d-e50f-4f2b-af98-405848b457ed,yelled.nl,available,11.99,,66,3,6,name.com,,
fad4e566-6856-4469-be73-eb65db1854b5,slacking.nl,available,11.99,,62,4,8,name.com,,
24a2f11e-f08d-46bc-a65f-9c8f76e50058,detroit.nl,resell,,,62,28,7,ZXCS,25/02/2022 00:15,
ccc3f11b-bb95-406f-b66e-bc2a1fd714df,onehalf.nl,available,11.99,,68,5,8,name.com,,
7d8ac4e6-0b24-4824-a78a-1afd554ff392,farther.nl,available,11.99,,74,5,7,name.com,,
d70fd76b-8f70-49bc-badc-819bfcd1e15d,allnighter.nl,available,11.99,,72,3,11,name.com,,
bcb114ab-ceef-439a-a9d6-827ea8c8bde8,enviable.nl,available,11.99,,82,5,8,name.com,,
27f1a9ea-b93a-4f75-b327-c8d0f82813eb,firstname.nl,available,11.99,,82,5,10,name.com,,
6bedea78-f6c3-4e86-8748-55aef320ba10,tedious.nl,available,11.99,,60,5,7,name.com,,
b253b72d-da40-4fe9-b14b-5fb2248be389,cheerily.nl,available,11.99,,72,2,8,name.com,,
e1276f5f-7490-4120-959a-e559f12839e2,shrewd.nl,available,11.99,,66,7,6,name.com,,
20724c9c-a3b1-4b8f-93f0-2230d63af5b6,dismay.nl,available,11.99,,64,3,6,name.com,,
77a18a4c-baf8-4043-99ba-25bbab1faa3b,undisciplined.nl,available,11.99,,52,5,13,name.com,,
5af9804c-34ce-45de-8899-6b533b1bcca7,worker.nl,resell,,,76,21,6,ZXCS,08/02/2023 00:34,
a68c4e00-d8fd-43fa-ba45-38876feeb13f,hooked.nl,resell,,,60,18,6,Antagonist B.V.,05/07/2014 11:29,
db51ae87-81a9-4f49-8c66-d2f3e33fcb9a,themorethemerrier.nl,available,11.99,,60,2,20,name.com,,
7a3144ba-a05f-40ce-933d-6335bb164193,bloodsample.nl,available,11.99,,74,1,12,name.com,,
c31a2722-4458-4ffe-a2da-e51b23fba1cf,cookie.nl,resell,,,70,33,6,RegistrarHub,22/10/2003 14:42,
58dd6a05-5eb6-431d-acf8-55b441acda3f,channukkah.nl,available,11.99,,72,1,10,name.com,,
16e72191-ef5c-46aa-9e18-784a39e0996e,operahouse.nl,available,11.99,,76,6,11,name.com,,
8d990bf9-0c1f-481b-89c5-f8bce3ad37bf,violated.nl,available,11.99,,56,3,8,name.com,,
f97ebf47-cab0-4cfe-8438-3f2848be1afb,answering.nl,available,11.99,,78,7,9,name.com,,
bc622de9-bfe0-4a79-bb04-968173c66156,sacked.nl,available,11.99,11.99,56,5,6,name.com,,
625d9778-962f-4374-9d6a-b25b74e62dc3,putaway.nl,available,11.99,,72,2,8,name.com,,
3537f268-4468-41fd-a03e-940cdddc92cd,plentiful.nl,available,11.99,,74,6,9,name.com,,
cb984918-6a48-4937-88ad-c56b27be1556,notatall.nl,available,11.99,,78,2,10,name.com,,
5f588f4b-bc10-4fd6-98e0-a85ac642c578,heavyhearted.nl,available,11.99,,48,2,13,name.com,,
c15fce4b-c64f-4aa0-b294-52f70649ad0c,ever.nl,resell,,,86,40,4,RegistrarHub,05/09/2003 00:34,
1c2e831a-42e0-410b-b168-31cc9c08ecc5,entrenched.nl,available,11.99,,60,2,10,name.com,,
1e742b7b-e986-4416-8e1b-b657563c04e7,rested.nl,available,11.99,,73,6,6,name.com,,
91d538d2-12fe-417a-92da-a7b60d39d2a1,pauliii.nl,available,11.99,,68,1,8,name.com,,
f009e001-4c2d-47df-bf0b-546cffea43b5,kilogramme.nl,available,11.99,,70,2,10,name.com,,
f63e95f5-2aa3-41b1-b96f-effb63bfdac6,notwithstanding.nl,available,11.99,,50,3,15,name.com,,
352d8e99-5688-4c89-ae0a-4a0fc9809ed0,environmentally.nl,available,11.99,,56,2,15,name.com,,
eddae93a-fbfd-44c4-a83d-f9e7267cf5f0,doubtful.nl,available,11.99,11.99,74,4,8,name.com,,
f7f4db07-21db-4d26-bc50-4377cab7f5c7,poisoning.nl,available,11.99,,60,3,9,name.com,,
01258363-3814-494b-80e4-98807e152c08,figureout.nl,available,11.99,,78,3,10,name.com,,
8de3741a-0c53-407b-a171-f7530714a9dc,deceased.nl,available,11.99,,54,5,8,name.com,,
177eac49-4c06-4f86-8746-ce103e2d2138,quiteafew.nl,available,11.99,,60,1,11,name.com,,
13bcb12c-cc7c-4c1c-b46b-1d8b41b2ed04,compulsory.nl,available,11.99,11.99,82,4,10,name.com,,
164fb68c-a10b-448f-ad63-93e888bdcbc1,commanding.nl,available,11.99,,77,3,10,name.com,,
cffa27f8-33df-4d5c-b8d6-9a8d94949ac3,standfor.nl,available,11.99,,81,4,9,name.com,,
baba243e-0a0d-43b0-966f-471ce55a8484,atrocious.nl,available,11.99,,50,4,9,name.com,,
aef9dc5d-75ed-43b5-aceb-1d9daf229112,recently.nl,resell,,,66,7,8,1API Gmbh,11/07/2021 13:03,
c7e790f2-3d4f-44ac-a8d1-d27aed4050f6,obtuse.nl,available,11.99,11.99,78,5,6,name.com,,
ebd385b1-1926-42aa-abdb-62aaafa95b05,requested.nl,available,11.99,,68,5,9,name.com,,
8e1d3f94-4669-4afe-a576-8bcaac070816,totaled.nl,available,11.99,,74,3,7,name.com,,
87f14e9b-47c8-41f4-8dc2-8776a154188e,minuscule.nl,available,11.99,,68,5,9,name.com,,
e5e7279d-694d-4cb7-bf4c-80dac283c2b7,pretense.nl,available,11.99,,68,2,8,name.com,,
11e29f66-87fe-405b-9bce-d9bbea9dfbe8,manmade.nl,resell,,,66,12,8,Registrar.eu,03/05/2011 06:35,
9be43a58-fd0c-4f9b-a64f-cbb18c76db26,prominently.nl,available,11.99,,64,1,11,name.com,,
e75ea231-42e3-4f6b-9b87-a20870b9a53b,concentrated.nl,available,11.99,,66,6,12,name.com,,
2b51000f-3664-45e1-8d15-288dd1b06e83,collectivenoun.nl,available,11.99,,68,1,15,name.com,,
2c2f33d1-d05f-4a19-b67b-e73916fffaf7,patriotism.nl,available,11.99,,80,3,10,name.com,,
132a45c6-45dc-4dbf-8f16-3ba1a97bacaf,absorbing.nl,available,11.99,11.99,70,4,9,name.com,,
9bab3681-745a-433a-8ebc-e03309d9f56a,moderately.nl,available,11.99,,60,4,10,name.com,,
44f61240-0ba6-4551-9f57-cb2987608d0c,desire.nl,resell,,,82,22,6,team.blue nl B.V.,09/10/2017 22:28,
fd374b49-90bd-497c-99f9-db621d41acde,condemn.nl,available,11.99,,66,4,7,name.com,,
1ddbb5b5-340e-46a0-8b66-7df6a1bf5d08,fireengine.nl,available,11.99,,84,3,11,name.com,,
7b4f1081-d246-49b2-b756-5903042f34f7,resonating.nl,available,11.99,,69,3,10,name.com,,
ce2379d7-d738-463b-9dd8-87e07b61b851,supposedly.nl,available,11.99,,60,2,10,name.com,,
11072064-b09e-4432-90cd-b441afad2a3a,floor.nl,resell,,,80,28,5,Hosting Secure,10/07/1996 21:00,
c338fdb1-3928-4d5f-ad98-3ed4cdff7c8b,coldly.nl,available,11.99,,52,4,6,name.com,,
21d522e0-83a8-45dc-a894-8902264a3446,relatedto.nl,available,11.99,,68,1,10,name.com,,
39938c80-8d74-41d9-a70b-3eb6f71febe1,prepacked.nl,available,11.99,,68,1,9,name.com,,
421fb1d0-3b72-4c7f-829c-ce2ed7223531,hiding.nl,available,11.99,11.99,70,6,6,name.com,,
1bbc1570-c05c-4837-a785-218fb4c26b1c,completing.nl,available,11.99,11.99,68,4,10,name.com,,
fe57ccbe-a285-49a4-98d1-3451dcb2e1ca,doctor.nl,resell,,,84,34,6,NL-Plaza Nederland B.V.,19/10/1999 07:18,
0cbfce0c-de8e-4e09-b9c4-f657e0e9d9db,scornful.nl,available,11.99,11.99,50,2,8,name.com,,
7ef3a45f-1d80-4f07-a2f7-893a2f1ca59a,copewith.nl,available,11.99,,79,2,9,name.com,,
7e31d9c7-b8a2-43b6-abe7-e607fcff422c,whichever.nl,available,11.99,,62,3,9,name.com,,
a4c5337a-0285-4815-a235-9e5cb46e4895,sighted.nl,available,11.99,,66,4,7,name.com,,
c0db8f9e-dc90-46e3-b5fe-3e4e0702e571,shrub.nl,premium,2789.5,,62,10,5,Metaregistrar B.V.,15/03/2015 22:53,
f1c2ecce-8c6f-434c-ac99-407a244fcafc,lowkeyed.nl,available,11.99,,62,1,9,name.com,,
f807b89f-ef77-4612-aa17-673e9fdd538e,putoff.nl,available,11.99,,66,2,7,name.com,,
b91e1d1f-9b1a-4e42-99ac-d17f05ec2ba1,cutshort.nl,available,11.99,,70,5,9,name.com,,
3bfbe323-b87c-4268-b496-9e5b49573eda,pub.nl,resell,,,76,28,3,EuroDNS S.A.,22/02/2020 14:01,
5ca851b9-945e-4c3a-8121-01d1e6813ffa,northandsouth.nl,available,11.99,,58,2,15,name.com,,
1a73406d-24ef-4c67-a420-8d337b1c9f3b,girth.nl,available,11.99,,70,5,5,name.com,,
2c86f6c5-8658-4cff-9cb3-54a85777b002,standfirm.nl,available,11.99,,79,4,10,name.com,,
f1fee98e-8191-48cb-be6b-31ad32efeff5,shineat.nl,available,11.99,,82,2,8,name.com,,
ba7e6e78-ae98-46a0-bbb3-8ae3f028d3e8,diplomate.nl,available,11.99,,79,3,9,name.com,,
d217057f-0a8a-413c-92d7-bf3bc8277948,revered.nl,available,11.99,,77,6,7,name.com,,
cf42cd0b-9374-4d8b-8b36-e450daa28053,movie.nl,resell,,,86,32,5,Funbit B.V.,20/11/1997 14:13,
7e5d76c4-fc03-4641-8462-3c82cd1de967,contracted.nl,available,11.99,11.99,62,4,10,name.com,,
7099381b-f893-40d3-9443-98fb0ab854ef,handmedown.nl,available,11.99,,72,2,12,name.com,,
9a5166ae-27f4-44ce-a7d5-27a59decc882,bed.nl,resell,,,82,21,3,Hostnet B.V.,23/09/1999 06:43,
44be8e26-1c84-4ee7-ade5-07ceb4055a48,nearer.nl,available,11.99,,54,3,6,name.com,,
1a031266-f7ad-4d56-98e7-5ab007b7cbee,destructive.nl,available,11.99,,58,4,11,name.com,,
d8a7fb0e-6bb4-4ba8-a293-cb92509609f4,deepdown.nl,available,11.99,,65,4,9,name.com,,
01db71fd-9751-46b2-8f11-df5807fa6259,watchover.nl,available,11.99,,79,3,10,name.com,,
e110041e-503b-4fc8-9856-86a95639ec9e,publicised.nl,available,11.99,,71,0,10,name.com,,
7379be08-2ad2-4e0a-b102-873a14df9e1e,algore.nl,available,11.99,,70,5,7,name.com,,
c8fc9c9d-b3ac-4364-b751-ad758e47add8,shortfall.nl,available,11.99,,70,3,9,name.com,,
7f4f9ed8-9490-45c2-a215-ec1de9420be3,rock.nl,resell,,,74,31,4,Registrar.eu,15/11/2004 11:15,
1a08d03f-97dc-4804-94f0-cdac6cb853d8,necessarily.nl,available,11.99,,62,2,11,name.com,,
b1943855-c545-4b24-82b0-10326d5f197d,angelical.nl,available,11.99,,72,2,9,name.com,,
e949b966-8ef2-46cb-8862-ff1ee62eb146,interviewee.nl,available,11.99,,68,2,11,name.com,,
a51e2664-57c9-4017-84fc-91ce06cc3277,career.nl,resell,,,84,28,6,Hostnet B.V.,12/01/1999 10:54,
2800401f-5e67-481c-8ec4-00d6dc53f9e4,toy.nl,resell,,,76,29,3,team.blue nl B.V.,12/11/1999 14:06,
8c43a95f-f4dd-4187-913f-3b96e900a465,criticism.nl,available,11.99,,68,4,9,name.com,,
88bbb1c9-5be1-47a2-b6ee-aeb57223b8c5,Christianname.nl,premium,,,66,2,14,,,
3f08d75e-cbe3-46f0-9119-c73ff2924297,anaemia.nl,available,11.99,,62,3,7,name.com,,
46332466-1a0d-4b17-ad77-95e969098be2,fat.nl,resell,,,68,27,3,The Registrar Company B.V.,22/07/1996 22:00,
227fb864-505a-42a8-8108-bc9ee70ded76,generalelection.nl,available,11.99,,62,2,16,name.com,,
014b3a58-c138-4289-83e4-279cc84e7afb,abdominal.nl,available,11.99,11.99,82,3,9,name.com,,
0a033352-1509-41c2-9870-b7409fa1370b,generally.nl,available,11.99,,67,7,9,name.com,,
8d61a464-9a45-4fa5-82d3-ea9baab08c90,hanukah.nl,available,11.99,,80,2,7,name.com,,
6d5dfeec-507f-4140-a0ca-9ea0dc3d170f,bloodclot.nl,available,11.99,,56,3,10,name.com,,
651121a5-f074-4fb8-9bd1-25a409de1d69,respected.nl,available,11.99,,85,6,9,name.com,,
cc271b5f-2dc1-4eb2-9e21-e95b3ff3e89e,expectant.nl,available,11.99,,78,2,9,name.com,,
98f42121-f9d9-4c41-a782-70156d02ffee,letalone.nl,available,11.99,,56,1,9,name.com,,
4b625268-0f25-49da-80e6-7758d55c4bbf,grandnephew.nl,available,11.99,,84,1,11,name.com,,
93015c90-e9ba-4cdd-a882-7bbc3a36718a,injure.nl,available,11.99,,68,5,6,name.com,,
ae7a1446-f8be-4b67-8144-6d03998ca6c6,voluntarily.nl,available,11.99,,66,3,11,name.com,,
4c45aaac-a9da-4212-b1b9-650493ee944d,worried.nl,available,11.99,11.99,72,6,7,name.com,,
4a45430b-218d-48c1-a4c0-f839a3384c5a,lookingat.nl,available,11.99,,68,3,10,name.com,,
a77caa94-0ebd-4f51-b84f-1bc3beade0a2,simplicity.nl,resell,,,84,23,10,Realtime Register,07/02/2016 16:48,
256d282a-2065-457f-a47e-92619002021d,atbottom.nl,available,11.99,,60,1,9,name.com,,
4ae1a99d-b6ce-4240-add0-54161f7cd3e1,bankholiday.nl,available,11.99,,76,3,12,name.com,,
393e84ff-6e99-4981-879b-bf41a248341d,backslash.nl,resell,,,72,13,9,Metaregistrar B.V.,19/01/2000 23:31,
3800020b-cbc9-43af-b194-5941e79c8fd6,excelat.nl,available,11.99,,86,2,8,name.com,,
cf6e3471-815f-4620-bf58-db0890a3ac78,anger.nl,resell,,,62,16,5,ZXCS,19/03/2000 23:41,
eccc70e9-d28c-4735-a7bc-c5e21c97c75a,previously.nl,available,11.99,,64,5,10,name.com,,
d81565a4-7ef0-4ed8-ba0e-2ca2af6cbe1b,channukah.nl,available,11.99,,72,1,9,name.com,,
1d692345-fc82-4f1c-ba0d-b2500995dcf6,moveback.nl,available,11.99,,74,2,9,name.com,,
d0edb62f-53b1-4e84-bcf3-8d8e2aef657b,wondered.nl,available,11.99,,70,3,8,name.com,,
19e19dba-b85f-45b6-a5cc-cb1fe5fda263,spam.nl,resell,,,58,33,4,Registrar.eu,17/01/2000 00:16,
6cbe2707-642a-4e69-9994-639dd424be6d,consummate.nl,available,11.99,11.99,88,3,10,name.com,,
43767415-aa73-40b2-a3f5-653e7082535e,checkover.nl,available,11.99,,74,1,10,name.com,,
b893e14b-73b3-4215-a84b-d7d5c9a60dfe,chemically.nl,available,11.99,,64,1,10,name.com,,
e16beacb-a27a-4b28-b4fe-54d2b5c64260,recognized.nl,available,11.99,11.99,78,5,10,name.com,,
a9df9631-c68b-4c50-9369-c72f8101dc5e,tomhanks.nl,available,11.99,,80,5,9,name.com,,
bbf584cc-e3b3-4967-8ef2-e9b6bfa808ab,older.nl,premium,1098.25,11.99,66,10,5,Metaregistrar B.V.,17/06/2014 07:39,
c6199c4b-764c-45a5-93b1-ae9374abd564,bidens.nl,available,11.99,,66,2,6,name.com,,
3eb4073c-dca0-46c1-8ee8-9ed2c15269bb,fascinated.nl,available,11.99,,76,5,10,name.com,,
c146e77b-6f80-44bd-951a-7b3b2a83badd,antitumor.nl,available,11.99,,78,2,9,name.com,,
552a8973-df5a-4d0d-8942-bba788df7e77,skilful.nl,available,11.99,,74,3,7,name.com,,
ceff1983-2eb8-4a1b-87ed-5535e76a4f8a,amalgamate.nl,available,11.99,11.99,82,4,10,name.com,,
83fb8640-6e83-4906-8c0e-f83db0723d20,ripe.nl,resell,,,67,34,4,Registrar.eu,28/08/1999 16:00,
1e02f5d5-1e35-4e71-ad8c-f3ac10f4e2a2,convincing.nl,available,11.99,11.99,90,4,10,name.com,,
f5236760-9970-4905-bc29-2430052cb83e,bicycle.nl,resell,,,90,21,7,ZXCS,02/04/2013 11:21,
73853e87-0bf1-4195-971b-3840a1b89054,worsening.nl,available,11.99,,62,2,9,name.com,,
8b0aeb72-430a-4fe1-8b75-dc2e8eefe73c,optionally.nl,available,11.99,,65,2,10,name.com,,
63d20987-4e0d-425b-9973-5be93cde15ee,satanic.nl,resell,,,48,12,7,team.blue nl B.V.,31/01/2003 12:07,
fa55bde6-5664-4a62-adcd-948e6b95198a,marble.nl,premium,4127.98,,64,31,6,Realtime Register,06/10/2003 18:17,
a901190b-5b97-4943-a294-b3349c0e959f,qualitative.nl,available,11.99,,78,6,11,name.com,,
e6f1e275-0f0e-4af6-90fa-d7e7f3e79ace,cryout.nl,available,11.99,,72,3,7,name.com,,
e9d92755-b8cc-4267-b318-a7b5ad40cb8f,informing.nl,available,11.99,,72,4,9,name.com,,
144217ca-93c6-4980-9d65-484a3bbce990,annoyed.nl,available,11.99,,58,7,7,name.com,,
c5c67701-d12f-40ce-800d-c7a07708105d,limit.nl,resell,,,76,19,5,Internet Service Europe B.V.,17/05/2003 02:39,
afcb5dc7-5547-468d-b8f7-a4c2095ff41f,beguiling.nl,available,11.99,11.99,88,2,9,name.com,,
501e6f15-f471-457d-b97c-f0252fb7f55f,plier.nl,available,11.99,,70,4,5,name.com,,
fe43407f-a990-451d-9f3d-2f77255132ca,publicized.nl,available,11.99,,71,2,10,name.com,,
94678084-39aa-4584-bb45-b78913d62b36,amenable.nl,available,11.99,,72,2,8,name.com,,
80f8a0c9-5817-444d-9b60-3740ed720f66,oarblade.nl,available,11.99,,68,1,9,name.com,,
230078a4-bdc4-4e42-9c9d-212c17000cf2,throwout.nl,available,11.99,,68,1,9,name.com,,
cc949b04-d676-4a34-9ff2-9b98ea2aa8c4,seeming.nl,available,11.99,,72,3,7,name.com,,
364cc184-7db0-41e0-97ce-ae14b67cc27d,niece.nl,available,11.99,,66,3,5,name.com,,
4e4307ac-fedd-4eb2-b42e-5ec578fa89e4,terror.nl,resell,,,64,14,6,team.blue nl B.V.,19/02/2000 12:34,
aa49ed85-5370-41c8-a529-a1c159221bf8,unacceptable.nl,available,11.99,,60,4,12,name.com,,
ce88b79e-2d9c-45d8-9bc5-f53af5910033,atatime.nl,available,11.99,,65,2,9,name.com,,
8b4eafea-4642-4d10-af3a-6244125aaf96,accepting.nl,available,11.99,11.99,74,5,9,name.com,,
67f8003b-97fb-4d8b-b5cd-9ff9c725ae59,succinct.nl,available,11.99,11.99,69,8,8,name.com,,
209e3b8d-8dbb-4a46-9085-177bcfb24e2f,bumpinto.nl,available,11.99,,72,1,9,name.com,,
3651a218-0cd8-4bc1-8af6-1ab81a3103b5,foodbank.nl,resell,,,80,10,9,Realtime Register,01/12/2014 12:27,
845b23c4-0542-433e-b197-3bf31896bfab,chanukkah.nl,available,11.99,,72,2,9,name.com,,
4e701b5f-a5f2-4c90-87f0-b3cbe5c652c1,situated.nl,available,11.99,,62,4,8,name.com,,
e0b499ec-6f59-4452-8fe2-ee1b847df0de,telloff.nl,available,11.99,,66,1,8,name.com,,
00d63c51-3584-47f7-967b-231654b2680d,stepmother.nl,available,11.99,,66,3,10,name.com,,
511d342e-91b5-46a7-998d-905e91b9305c,marginal.nl,available,11.99,,64,9,8,name.com,,
4511d37e-3ec5-4396-905c-47d647ceeb43,havegot.nl,available,11.99,,74,1,8,name.com,,
03e3508a-3450-4bc8-a6ed-244baa37bbcd,terribly.nl,available,11.99,,62,3,8,name.com,,
3092b1ab-4be3-45e0-88d1-27e423518197,condone.nl,available,11.99,,74,3,7,name.com,,
23e69e7d-5aaf-4d3e-8912-19bc85edb8b6,intheend.nl,available,11.99,,67,2,10,name.com,,
651b115b-b936-49cb-8448-dcd1bcc6c16d,wishing.nl,resell,,,78,7,7,Registrar.eu,03/12/2002 02:38,
a65446d7-b246-4e34-947a-5c680fc128ba,alveolar.nl,available,11.99,11.99,80,2,8,name.com,,
97ee9002-7c17-4bd1-9784-450252c1fe56,tossout.nl,available,11.99,,68,1,8,name.com,,
1cac177e-14df-4bca-9271-01d40d57e6d2,glassceiling.nl,available,11.99,,58,3,13,name.com,,
db430eb9-d2f1-41f3-b5d7-14d7aa1ab935,sweetFA.nl,premium,,,42,2,8,,,
8fbe0fe7-c874-4f65-ad6b-8f8de6b634a4,probable.nl,available,11.99,,75,11,8,name.com,,
89033b95-e115-4e37-a7d6-cc0f8bb9cff5,granddaughter.nl,available,11.99,,78,3,13,name.com,,
ad740a42-999c-4705-8063-056c1728cd6b,severely.nl,available,11.99,,55,1,8,name.com,,
6595f190-30be-401f-baf4-190f9894eaf5,twothirds.nl,available,11.99,,68,3,10,name.com,,
fa8af4d4-f3aa-473a-b769-5a8a74806e98,acts.nl,resell,,,66,20,4,team.blue nl B.V.,08/11/2015 08:06,
372a92dd-a01d-4a26-9bd5-ec37926ad2d7,whilst.nl,available,11.99,,60,3,6,name.com,,
6e1d214d-6cda-4ca7-8e4e-b71f0268a0ba,worse.nl,available,11.99,,78,6,5,name.com,,
1857f4ff-145c-4e09-9c8a-d88ed97fa5cc,futile.nl,available,11.99,,60,5,6,name.com,,
aad5016f-2080-4668-80fc-8622241bd858,principled.nl,available,11.99,,75,10,10,name.com,,
85b72ea4-5071-4bb8-879e-e94677d735d5,forehead.nl,available,11.99,,74,4,8,name.com,,
ceae8c55-01d0-4fe0-acec-b07b52add7ea,accuser.nl,available,11.99,,66,3,7,name.com,,
a55f1724-2705-4875-94fb-bc75405b4cc9,aslongas.nl,available,11.99,,56,2,10,name.com,,
d8a60dcd-ec09-4cb3-8ae8-db9c33728034,characteristic.nl,available,11.99,,66,3,14,name.com,,
53a5e2d3-cb87-4a8b-adc7-af8d5d87eb45,barring.nl,available,11.99,,60,2,7,name.com,,
f8601575-fa54-4324-880a-c0eefabcae8c,webbrowser.nl,resell,,,80,6,11,Registrar.eu,15/03/2023 15:03,
f2f1e6d6-a344-4b9d-872d-c7c4f01a0aea,undergraduate.nl,available,11.99,,62,5,13,name.com,,
fc1b5197-5e5f-4a20-a101-4db5128e8957,lamppost.nl,available,11.99,,71,6,8,name.com,,
69688022-7150-4ef1-a9db-870558e6e0b7,consuming.nl,available,11.99,11.99,82,4,9,name.com,,
82f8c915-2f09-404e-ada1-7f71c5ed1974,scientifically.nl,available,11.99,,56,3,14,name.com,,
84ebdaf0-e102-45a0-af6c-909470c6fdf9,elaborated.nl,available,11.99,11.99,64,2,10,name.com,,
aa62801f-2c78-4ce4-a802-bc5a7353fe08,vengeful.nl,available,11.99,,55,3,8,name.com,,
4dda1dfd-cbb7-42b5-8dd2-5dbb083ff974,objectively.nl,available,11.99,,70,4,11,name.com,,
2b707586-67f1-4186-b8bc-2c978042e7fb,weakened.nl,available,11.99,,56,1,8,name.com,,
4705f05b-cf81-4f6f-a063-f10778a9962f,despondent.nl,available,11.99,11.99,47,2,10,name.com,,
07d42c74-7230-4b9b-84ae-460341c52c8b,complain.nl,premium,1026.96,,69,12,8,Metaregistrar B.V.,09/01/2015 07:22,
330b8908-cdad-476e-b48d-bcd1e0d5cea6,glancing.nl,available,11.99,,68,3,8,name.com,,
d5d9ba8c-400d-4029-abc3-cf65964a8483,dignitary.nl,available,11.99,,80,2,9,name.com,,
696565d3-c2b7-43a8-b184-4e44810a058e,mincepie.nl,available,11.99,,80,1,9,name.com,,
de6c1b8d-cbae-4d3d-98c8-7b8fbe25dbb7,callfor.nl,available,11.99,,76,3,8,name.com,,
9411b4b8-487b-45a5-8f67-75258ce8d0dc,dependon.nl,available,11.99,,75,2,9,name.com,,
0e39892b-f5fe-40ad-ba3a-8a6627f90383,lookinto.nl,available,11.99,,74,3,9,name.com,,
b83e4b5a-3af7-4258-accb-513219ddf90e,invariably.nl,available,11.99,,66,2,10,name.com,,
0c1f9e74-eb25-4080-a75a-613a499e9da0,scarred.nl,available,11.99,,56,4,7,name.com,,
752a108a-2d4c-4f34-b223-274653077bb5,toiletroll.nl,available,11.99,,72,3,11,name.com,,
2a0bf041-1b16-4099-86b9-364327f56dac,pizzapie.nl,available,11.99,,86,4,9,name.com,,
a2f640b9-a82b-4e08-99c8-d1994bc68adb,yearround.nl,available,11.99,,74,3,10,name.com,,
82233866-0ad3-4b90-9353-eec58377121e,bruise.nl,available,11.99,,66,6,6,name.com,,
d447b4b9-05d3-45ac-881e-a8ca244a04f3,described.nl,available,11.99,11.99,62,5,9,name.com,,
99411dba-8a07-4589-ab78-c6f3b662acd6,fallshort.nl,available,11.99,,70,1,10,name.com,,
089ffce7-dab9-4ac4-b378-dc17920a8883,insulting.nl,available,11.99,11.99,70,4,9,name.com,,
f8409d5d-c8b8-4d13-bcc2-2786bb74e6ae,unjustified.nl,available,11.99,,58,2,11,name.com,,
1b441f0c-59b8-40c9-a3d6-3152e3c0446e,sliding.nl,resell,,,64,6,7,RootNet NOC B.V.,01/12/2006 13:51,
d3537f59-9b0f-4673-8f15-0d6bd522428b,disrespect.nl,available,11.99,,68,3,10,name.com,,
9b7bc550-39e3-4aa2-8711-4a89854c1f64,smelling.nl,available,11.99,,68,3,8,name.com,,
c13c4f4c-0933-4b1b-9846-e4ee44c16b38,inaway.nl,available,11.99,,60,1,8,name.com,,
95f8b538-72a3-4bfa-a469-9ce0955022df,dishonour.nl,available,11.99,,68,2,9,name.com,,
f93aba9a-33c8-45ac-bc19-8373886e3b0a,forgiving.nl,available,11.99,11.99,96,5,9,name.com,,
e36e6dd8-0ad9-43cc-8ca2-6809aab2465c,thrown.nl,available,11.99,,64,5,6,name.com,,
6d3d3f4b-cb19-44f1-a024-1bdae6730786,laborer.nl,available,11.99,,66,4,7,name.com,,
d952cca6-2563-44d1-a426-bdfb9b72694c,supposed.nl,available,11.99,11.99,72,4,8,name.com,,
c4e950d1-78b0-4646-9e45-2fcb9e62ff82,condolences.nl,available,11.99,,62,4,11,name.com,,
d828676f-7143-4e5b-b259-e94824a32518,curry.nl,resell,,,70,26,5,Internet Service Europe B.V.,02/06/2010 10:45,
d50220db-f26d-47f3-8a18-00f74c4bfb39,eachyear.nl,available,11.99,,72,1,9,name.com,,
5ddbe791-79c6-4984-b3ef-857184050777,Latinalphabet.nl,premium,,,68,2,14,,,
ffd2f4be-9c1a-4240-b3b2-bf84c0187639,dinner.nl,resell,,,87,18,6,ZXCS,06/02/2001 08:34,
1061319d-5f0c-4f1d-82c8-9c0b80708f14,publicschool.nl,resell,,,66,3,13,Realtime Register,13/12/2013 11:08,
d33de933-fdda-49e2-895a-c7c785f0f111,licenced.nl,available,11.99,11.99,68,3,8,name.com,,
e08c5eee-e73e-4fa0-bf33-761ac44495fc,week.nl,resell,,,84,17,4,Realtime Register,27/10/1999 13:52,
e85c3381-3d2b-4ca0-854c-bd5138c38c2f,commentate.nl,available,11.99,,77,2,10,name.com,,
8b999c8d-7186-4cb8-8e2d-6431f63a7162,insufficient.nl,available,11.99,,56,4,12,name.com,,
58206ea2-ee8c-4f88-87ea-996b17920c03,idiotic.nl,available,11.99,11.99,60,5,7,name.com,,
be61a162-5ba0-4f52-8659-383f35601266,british.nl,resell,,,74,26,7,The Registrar Company B.V.,27/12/2011 13:35,
7c94815c-1b69-4d6b-a214-68f65bdde3fc,unsatisfactory.nl,available,11.99,,50,1,14,name.com,,
4a0ea769-5cea-464e-a6ed-11c37f5545a7,either.nl,resell,,,60,7,6,1API Gmbh,11/07/2021 13:03,
f739d7db-d0e9-4d9a-af49-23e57a6f24f6,wipeup.nl,available,11.99,,70,2,7,name.com,,
d331b732-d3bc-4a80-b722-11ff0f314dc7,grandkid.nl,available,11.99,,84,1,8,name.com,,
752c9d5b-fa25-4d29-839f-d858bed6d6cb,humourous.nl,available,11.99,,74,1,9,name.com,,
9194d853-29d0-403b-b667-0be56b25e14a,frustrate.nl,available,11.99,11.99,74,3,9,name.com,,
c00e4c5f-f9ea-4b68-bb91-ff086f5d68de,yearend.nl,available,11.99,,78,5,8,name.com,,
950c05c8-53d9-4962-9256-cda10c543d8d,suntea.nl,available,11.99,,82,3,7,name.com,,
73a5bfa5-07ec-4352-9256-6838f096a25d,obviously.nl,premium,540.13,,66,10,9,Metaregistrar B.V.,23/03/2016 22:20,
e9a6a30f-b530-4ce1-a864-6e7b9c12a970,checkinto.nl,available,11.99,,74,2,10,name.com,,
cc84ea60-8d3a-402e-a003-0604d75b1775,informally.nl,available,11.99,,62,2,10,name.com,,
49838cc8-47dd-4f85-8b31-4a26c60dcfc7,org.nl,resell,,,64,43,3,Realtime Register,12/09/2005 12:34,
e8507f88-b21e-41e6-b254-c7f084312e8c,proclaimed.nl,available,11.99,,66,2,10,name.com,,
de7c64b2-9588-4858-9272-80ac391a2888,dateback.nl,available,11.99,,72,1,9,name.com,,
3861f3dd-835d-4111-bcf1-7a1309581828,policeofficer.nl,available,11.99,,66,4,14,name.com,,
41c3e309-9077-4f49-9e1b-739e064ba6dd,walkingstick.nl,available,11.99,,66,5,13,name.com,,
5791b3ce-0305-417a-8777-a2ef69cb35d3,arrive.nl,resell,,,82,22,6,RegistryGate GmbH,08/02/2023 06:54,
4407bd14-9eb7-4abc-b707-a457b0a115a3,adaptative.nl,available,11.99,,76,3,10,name.com,,
cb585a2f-6d2c-4f44-b1cf-635bd010e450,firstcousin.nl,available,11.99,,68,1,12,name.com,,
16947be3-fbfe-4781-abb1-8e192c052599,realtime.nl,resell,,,76,28,9,Internet Service Europe B.V.,11/03/1997 14:03,
b11ca1a5-1dc4-42f4-8edd-0ed89bfbde4f,callon.nl,available,11.99,,72,4,7,name.com,,
a001c4d6-636c-4dc2-a3f4-3036e7639deb,abomb.nl,available,11.99,,84,2,6,name.com,,
90a0773d-d9ea-48c5-86ef-109485ff06ff,inthat.nl,available,11.99,,60,2,7,name.com,,
3fc51691-7666-4210-af90-21f9b61a044c,couple.nl,resell,,,76,17,6,"Soluciones Corporativas IP, S.L.U.",18/02/2023 23:06,
b1186697-ecdd-4139-8300-50c9aefd8226,flu.nl,resell,,,62,12,3,Realtime Register,26/07/1999 14:22,
a5e0d772-d121-4130-bbd2-5d4ff93e602b,poorly.nl,available,11.99,,58,3,6,name.com,,
5ff35b84-a11e-4bda-bb97-830b83bfad7f,worsened.nl,available,11.99,,58,1,8,name.com,,
d6b6c293-7cd5-4606-946f-85335ad9575c,implausible.nl,available,11.99,,56,4,11,name.com,,
c6f65371-0940-4ceb-8e7b-0e7cba2f9424,courteous.nl,available,11.99,11.99,70,4,9,name.com,,
90e11e5a-65de-4e4e-99d7-7ba828e275cb,keepopen.nl,available,11.99,,76,2,9,name.com,,
a179a0fe-a9a8-4383-84db-16d06e5844b0,nun.nl,resell,,,64,12,3,Realtime Register,03/01/2000 11:06,
ad945136-055d-43cb-bfbf-3221cf503f03,luckout.nl,available,11.99,,82,1,8,name.com,,
b634e2bf-91a7-4a80-a3af-6b67e2722be8,hannukah.nl,available,11.99,,72,2,8,name.com,,
609b6e5b-82db-4c88-891e-c3a8f07fb288,darken.nl,available,11.99,,68,7,6,name.com,,
386a1668-039b-4306-a44d-fed952a94ca2,sedative.nl,available,11.99,,66,3,8,name.com,,
fe266115-27c8-491d-887c-ae4d49829a9f,stepson.nl,available,11.99,,70,3,7,name.com,,
b2619a16-e98b-4ba8-be51-d7d861e6bec4,cockmaster.nl,available,11.99,,56,1,10,name.com,,
e238d730-c140-4a67-b7a5-6e1e6a1f6c52,scarface.nl,resell,,,68,10,8,Realtime Register,02/05/2006 08:32,
b4ae4396-853e-4130-bafd-b093bba494fd,wedding.nl,resell,,,74,35,7,Key-Systems GmbH,29/09/1998 08:30,
314dee9b-1d91-411b-ac95-85984524d977,difficulty.nl,available,11.99,,72,4,10,name.com,,
676bf2a2-dfd4-4f0f-b13e-8477168b26d2,playing.nl,resell,,,74,13,7,ZXCS,16/05/2022 20:12,
94a1ed70-ed90-404c-8345-45aa0622f088,depress.nl,available,11.99,,66,5,7,name.com,,
83952ae4-d853-47d0-b0dd-6a1886a915c3,entitled.nl,available,11.99,,70,8,8,name.com,,
e0430334-0256-400d-9fc6-77db31ee28e9,whitehot.nl,available,11.99,,72,3,9,name.com,,
7a14336c-c041-4425-9afc-165af8931df5,tossaway.nl,available,11.99,,68,1,9,name.com,,
2ab21341-24ca-4654-b26e-f18778151f5c,prenuptial.nl,available,11.99,,78,2,10,name.com,,
834997df-c7ea-4519-8a15-01f070738d66,auroral.nl,available,11.99,,70,6,7,name.com,,
7aa21fd7-bbb3-47bf-a2a0-b7644f34d4fa,ingeneral.nl,available,11.99,,62,2,10,name.com,,
add820ea-fcb4-4ae5-a2a1-90661add70ae,withoutfail.nl,available,11.99,,78,2,12,name.com,,
9ade249a-e3ab-4ee4-bd33-2fb69c919cf2,commonly.nl,available,11.99,,68,6,8,name.com,,
c9bb8e45-ee9e-4a38-8829-60a9b2b6c912,peak.nl,resell,,,66,39,4,GoDaddy.com,12/06/1997 15:02,
bdf3a2c8-9163-4037-85e8-732b0f5eefb0,doubling.nl,available,11.99,,70,3,8,name.com,,
e8cfbce1-0dca-486f-9094-48d28be6b445,retracted.nl,available,11.99,,61,3,9,name.com,,
faf50c23-8a76-4a90-8593-e09896533228,pretence.nl,available,11.99,,68,1,8,name.com,,
c85fca17-7a51-496e-accb-bac292bc9f72,fallunder.nl,available,11.99,,72,1,10,name.com,,
45ace4eb-0401-422b-a199-3a3df67344f2,politicalparty.nl,available,11.99,,62,4,15,name.com,,
6d21a1bb-5b20-4eff-8be9-4751668527af,middleclass.nl,available,11.99,,70,5,12,name.com,,
b1436f5a-ce45-42af-b475-5b1b76e7162f,adequately.nl,available,11.99,,66,2,10,name.com,,
58be2175-6ddd-4696-8757-781ce7dd1353,confirming.nl,available,11.99,11.99,73,6,10,name.com,,
72ae022f-3cb0-4856-8a06-095078ec2684,disappointed.nl,available,11.99,,62,5,12,name.com,,
9cb4eb03-c46f-435c-b94e-9545937306e8,quickwitted.nl,available,11.99,,76,2,12,name.com,,
20a0545e-8744-4d99-a682-a67644e329f0,dishout.nl,available,11.99,,78,5,8,name.com,,
245e8e24-60b2-48af-bf95-33810a259a43,coherently.nl,available,11.99,,66,3,10,name.com,,
08475e0a-fcbb-4491-a365-0b3c77f2ae3a,ike.nl,resell,,,78,21,3,Realtime Register,31/12/1999 08:49,
55ddb68a-2804-40bf-ae12-bdd3f8f1e064,sportsfan.nl,resell,,,76,7,10,The Registrar Company B.V.,10/07/2001 10:04,
4a37b420-8fa9-496c-a09e-9c130f898750,shove.nl,available,11.99,,64,8,5,name.com,,
fcc2e043-88f6-4a5f-87b6-750e1c06c75d,descend.nl,available,11.99,,72,5,7,name.com,,
efc96895-8b1a-4a62-9e54-996fb31af9a7,putacross.nl,available,11.99,,79,1,10,name.com,,
7cd9d31c-d65d-4810-bb81-794da9a8c812,lplate.nl,available,11.99,,64,1,7,name.com,,
6f9f0919-a49b-4034-ba93-0bfc2f43e7d1,despise.nl,available,11.99,,66,3,7,name.com,,
1c1c925a-412b-4ef7-9a10-8c24f7f593c7,decorated.nl,premium,1069.5,11.99,68,3,9,Metaregistrar B.V.,10/05/2012 14:36,
dbbda8ad-b6eb-49fa-8c14-0d3eb64babf9,heartthrob.nl,available,11.99,,80,5,10,name.com,,
46144a5c-b043-4715-82cf-c2947a02c7e8,respectfully.nl,available,11.99,,66,4,12,name.com,,
64dd72df-65c2-48ce-8b66-e0d85fe5f8ab,exclamationmark.nl,available,11.99,,64,3,16,name.com,,
6a48859d-91b6-46c4-ae09-0c81e877ceb6,discdrive.nl,available,11.99,,76,1,10,name.com,,
1d49c0ca-1337-42da-8e98-b20977f8d6fa,bared.nl,available,11.99,,54,3,5,name.com,,
99923ace-3b4d-4c23-8ef0-74cef7a252c6,accusation.nl,available,11.99,,70,3,10,name.com,,
bd3a2c6d-6c05-4299-8e7a-9b046c17973c,passable.nl,available,11.99,,64,3,8,name.com,,
f6ed41a9-b63e-4dc3-a949-631341ba5d81,compressed.nl,available,11.99,11.99,65,5,10,name.com,,
d7bbd69b-adc7-41eb-964f-82b4daaa8919,irritate.nl,available,11.99,,64,2,8,name.com,,
c29a1fc2-139c-4a67-86a5-7ed14b6f4c50,primarily.nl,available,11.99,,71,5,9,name.com,,
d058ac5a-4b4d-425c-8649-92ac0aa29dcb,liked.nl,premium,1642.9,,76,6,5,Metaregistrar B.V.,23/11/2013 20:05,
2a8a8aa8-d2a1-4545-b099-7ab5d0e07aef,saucepan.nl,available,11.99,,76,4,8,name.com,,
b56b94b0-1e2f-4999-8f10-7edbb3c942f1,apologize.nl,available,11.99,,78,4,9,name.com,,
1c0cc6db-387b-4b89-9e7d-f6060bff6d5d,undesirable.nl,available,11.99,,66,2,11,name.com,,
e3be40e7-10c9-4e4e-b38f-6ef9804cfafe,cutto.nl,available,11.99,,69,4,6,name.com,,
f673400b-7653-4fcf-afe8-9797b46b4e64,irritable.nl,available,11.99,,62,3,9,name.com,,
3deeadd5-81aa-4e06-acfb-3c3e6f19892d,goalong.nl,available,11.99,,76,2,8,name.com,,
1893ee7f-6cb3-4f59-aaf4-75101c41695a,mop.nl,resell,,,72,14,3,team.blue nl B.V.,09/02/1998 07:52,
2693bc62-4209-4586-8a35-cab6ddc3400a,genuinely.nl,available,11.99,,68,6,9,name.com,,
ae836932-cf9b-4196-a46f-322a54fbff37,whiten.nl,available,11.99,,72,5,6,name.com,,
949d108b-db23-490a-b899-0b0e7e56ad31,lowered.nl,available,11.99,,64,3,7,name.com,,
1fbae76b-f0ce-4124-ba1f-6652d4b035e4,whereas.nl,available,11.99,,74,4,7,name.com,,
08380631-c266-4bc3-86ef-3f1ba2d19850,primeminister.nl,available,11.99,,66,5,14,name.com,,
2cb81493-6266-4e1f-a217-6231468d2c16,gal.nl,resell,,,62,20,3,Realtime Register,31/12/1999 17:56,
07859906-9f51-4167-aa11-971fc3a70354,FannyAdams.nl,premium,,,56,2,11,,,
68e5b38f-8e47-4d02-8d8e-df1ce9d9c5f6,vegetarian.nl,resell,,,82,17,10,Registreer.Me,27/05/2021 22:07,
93acecd1-b9e5-4e4b-ba2e-002e1698d746,profitmargin.nl,available,11.99,,66,2,13,name.com,,
5f24959f-0818-4b53-bd8c-b44b9243c85b,diskbrake.nl,available,11.99,,70,1,10,name.com,,
24d1315f-9959-4ef3-a0ba-fc575893f458,recipient.nl,available,11.99,,70,4,9,name.com,,
97c7cdfa-b5a3-4064-a93d-5d5a5e4f3e6d,major.nl,resell,,,71,28,5,Registrar.eu,20/09/2010 13:23,
698c6f1e-6d50-44d1-85c9-db654cd9d3bb,antiracist.nl,available,11.99,,76,4,11,name.com,,
68b02aa0-c9b9-4693-bf9b-0a7110418a7c,needing.nl,available,11.99,,70,5,7,name.com,,
1213d449-f58b-46a5-a55e-202973513c2e,scientist.nl,resell,,,84,12,9,Registrar.eu,05/11/2001 15:12,
6503867e-43ce-424f-a4ac-851ce6f12fbb,inhibit.nl,available,11.99,,68,4,7,name.com,,